"","parameters","MLE","MLE_Low","MLE_Upper","median","Lower.95..CI","Upper.95..CI"
"1","a",1.36304429106638,0.669692554590336,2.05639602754243,1.36282501531307,0.860403049091137,7.96890054547943
"2","alpha",3.90807252098276,1.19840365228505,6.61774138968048,3.9072156693885,2.36411335550608,7.96890054547943
"3","b",4.82983745397982e-06,-8.73980084757611e-07,1.05336549927172e-05,4.1390149522894e-06,1.94340054124403e-06,9.72329034543238e-06
"4","Smax",207046.305290459,-37465.9290650451,451558.539645964,241603.379434685,102845.843796444,514561.964341602
"5","rho",0.239492114428959,-0.0764154402729604,0.555399669130878,0.261137760818998,-0.0684927239076044,0.530379049354648
"6","sigma",0.795768095817345,0.583882502768916,1.00765368886577,0.815754033314118,0.641112567333276,1.09068324965401
