StockID,Up_Esc,Low_Esc
Stock1,68040.18012,33128.14897
Stock2,6144.859887,1894.033803
Stock3,NA,NA
