StockID,Ricker_A,Ricker_B,TauR
Stock1,2.964859425,4.75E-06,1.32600554
Stock2,4.689111945,7.93E-05,2.700189244
Stock3,NA,NA,NA
