Year,Mult
2014,1
2019,0.991666667
2020,0.983333333
2021,0.975
2022,0.966666667
2023,0.958333333
2024,0.95
2025,0.941666667
2026,0.933333333
2027,0.925
2028,0.916666667
2029,0.908333333
2030,0.9
