Year,Mult
2014,1
2019,0.983333333
2020,0.966666667
2021,0.95
2022,0.933333333
2023,0.916666667
2024,0.9
2025,0.883333333
2026,0.866666667
2027,0.85
2028,0.833333333
2029,0.816666667
2030,0.8
