Year,Mult
2014,1
2019,1.008333333
2020,1.016666667
2021,1.025
2022,1.033333333
2023,1.041666667
2024,1.05
2025,1.058333333
2026,1.066666667
2027,1.075
2028,1.083333333
2029,1.091666667
2030,1.1
