Year,Mult
2014,1
2019,1.016666667
2020,1.033333333
2021,1.05
2022,1.066666667
2023,1.083333333
2024,1.1
2025,1.116666667
2026,1.133333333
2027,1.15
2028,1.166666667
2029,1.183333333
2030,1.2
