Year,Mult
2015,1
2020,0.991666667
2021,0.983333333
2022,0.975
2023,0.966666667
2024,0.958333333
2025,0.95
2026,0.941666667
2027,0.933333333
2028,0.925
2029,0.916666667
2030,0.908333333
2031,0.9
