Year,Mult
2015,1
2020,1.008333333
2021,1.016666667
2022,1.025
2023,1.033333333
2024,1.041666667
2025,1.05
2026,1.058333333
2027,1.066666667
2028,1.075
2029,1.083333333
2030,1.091666667
2031,1.1
