StockID,Ricker_A,Ricker_B,Sigma,Sigma_AR,rho,E_0
Harrison,2.834443409,4.23E-06,0.817232005,0.793127316,0.241083116,-0.56264
